Teachers, Subjects, Fields, Heuristic, Failed_Hours, Practical_Teacher_From_Other_Field, Resumptions, Entailments, Prunings, Backtracks, Constraints_created, Walltime
4.0, 2.0, 1.0, 8.38, 10.48, 0.0, 1762.0, 327.0, 809.0, 2.0, 78.0, 18.0
2.0, 2.0, 1.0, 2.99, 3.74, 0.0, 533.0, 140.0, 249.0, 3.0, 48.0, 18.0
3.0, 2.0, 1.0, 8.08, 10.1, 0.0, 7506.0, 1186.0, 3288.0, 43.0, 63.0, 19.0
2.0, 2.0, 1.0, 17.33, 21.66, 0.0, 863.0, 205.0, 411.0, 5.0, 48.0, 19.0
3.0, 2.0, 1.0, 12.19, 15.24, 0.0, 2121.0, 483.0, 968.0, 11.0, 63.0, 18.0
2.0, 2.0, 1.0, 12.95, 16.19, 0.0, 2146.0, 316.0, 975.0, 16.0, 48.0, 19.0
2.0, 2.0, 1.0, 2.5, 3.12, 0.0, 515.0, 140.0, 243.0, 3.0, 48.0, 19.0
3.0, 2.0, 1.0, 4.37, 5.46, 0.0, 1999.0, 395.0, 899.0, 9.0, 63.0, 20.0
0, 0, 0, 0, 0, 0, 0, 0, 0, 0, 0, 0
2.0, 2.0, 1.0, 7.68, 9.61, 0.0, 658.0, 142.0, 308.0, 0.0, 48.0, 19.0
1.0, 2.0, 1.0, 0.0, 0.0, 0.0, 57.0, 25.0, 40.0, 0.0, 24.0, 16.0
1.0, 2.0, 1.0, 0.4, 0.5, 0.0, 57.0, 25.0, 40.0, 0.0, 24.0, 17.0
2.0, 2.0, 1.0, 17.33, 21.66, 0.0, 447.0, 108.0, 206.0, 1.0, 48.0, 18.0
2.0, 2.0, 1.0, 0.2, 0.25, 0.0, 378.0, 92.0, 170.0, 3.0, 48.0, 19.0
1.0, 2.0, 1.0, 0.0, 0.0, 0.0, 57.0, 25.0, 40.0, 0.0, 24.0, 16.0
2.0, 2.0, 1.0, 0.0, 0.0, 0.0, 228.0, 51.0, 105.0, 1.0, 43.0, 25.0
3.0, 2.0, 1.0, 9.09, 11.36, 0.0, 3010.0, 565.0, 1353.0, 14.0, 63.0, 19.0
2.0, 2.0, 1.0, 19.96, 24.95, 0.0, 2018.0, 442.0, 953.0, 16.0, 48.0, 18.0
3.0, 2.0, 1.0, 9.06, 11.33, 0.0, 1742.0, 324.0, 781.0, 6.0, 63.0, 18.0
2.0, 2.0, 1.0, 2.46, 3.07, 0.0, 606.0, 123.0, 277.0, 4.0, 48.0, 18.0
3.0, 2.0, 4.0, 7.23, 9.04, 19.0, 4410.0, 709.0, 1868.0, 24.0, 65.0, 19.0
2.0, 2.0, 4.0, 22.99, 3.74, 14.0, 438.0, 122.0, 211.0, 0.0, 50.0, 18.0
1.0, 2.0, 4.0, 0.0, 0.0, 0.0, 55.0, 25.0, 39.0, 0.0, 24.0, 16.0
2.0, 2.0, 4.0, 23.31, 4.13, 12.0, 207.0, 45.0, 101.0, 0.0, 43.0, 17.0
2.0, 2.0, 4.0, 12.95, 16.19, 9.0, 736.0, 192.0, 358.0, 0.0, 50.0, 18.0
2.0, 2.0, 4.0, 5.24, 6.55, 0.0, 443.0, 94.0, 194.0, 3.0, 48.0, 18.0
2.0, 2.0, 4.0, 17.89, 22.36, 0.0, 949.0, 205.0, 447.0, 5.0, 48.0, 18.0
2.0, 2.0, 4.0, 14.44, 18.04, 0.0, 820.0, 181.0, 392.0, 3.0, 48.0, 18.0
2.0, 2.0, 4.0, 29.83, 12.28, 10.0, 589.0, 158.0, 288.0, 1.0, 52.0, 18.0
3.0, 2.0, 4.0, 22.53, 3.17, 28.0, 744.0, 178.0, 325.0, 2.0, 66.0, 18.0
3.0, 2.0, 4.0, 39.21, 24.02, 15.0, 409.0, 61.0, 172.0, 0.0, 58.0, 16.0
0, 0, 0, 0, 0, 0, 0, 0, 0, 0, 0, 0
1.0, 2.0, 4.0, 0.99, 1.23, 0.0, 57.0, 25.0, 40.0, 0.0, 24.0, 16.0
3.0, 2.0, 4.0, 17.45, 21.81, 17.0, 1050.0, 226.0, 461.0, 2.0, 68.0, 19.0
2.0, 2.0, 4.0, 27.0, 33.75, 3.0, 423.0, 119.0, 204.0, 1.0, 52.0, 20.0
2.0, 2.0, 4.0, 3.6, 4.5, 15.0, 585.0, 134.0, 282.0, 1.0, 52.0, 19.0
0, 0, 0, 0, 0, 0, 0, 0, 0, 0, 0, 0
3.0, 2.0, 4.0, 33.83, 17.29, 15.0, 947.0, 180.0, 409.0, 1.0, 67.0, 19.0
2.0, 2.0, 4.0, 2.32, 2.91, 0.0, 414.0, 106.0, 188.0, 2.0, 48.0, 18.0
0, 0, 0, 0, 0, 0, 0, 0, 0, 0, 0, 0
4.0, 4.0, 1.0, 16.48, 20.6, 0.0, 7816214.0, 1261100.0, 3629312.0, 47125.0, 106.0, 1238.0
5.0, 4.0, 1.0, 4.41, 5.51, 0.0, 33238215.0, 4071902.0, 14351800.0, 265364.0, 125.0, 5036.0
4.0, 4.0, 1.0, 6.34, 7.93, 0.0, 35282628.0, 4699685.0, 15369338.0, 215744.0, 106.0, 5031.0
6.0, 4.0, 1.0, 6.69, 8.36, 0.0, 36457154.0, 5456144.0, 15990271.0, 184198.0, 144.0, 5033.0
4.0, 4.0, 1.0, 4.53, 5.66, 0.0, 1137262.0, 176689.0, 495539.0, 8745.0, 106.0, 180.0
5.0, 4.0, 1.0, 8.18, 10.23, 0.0, 32841851.0, 6279408.0, 14934077.0, 256188.0, 125.0, 5031.0
5.0, 4.0, 1.0, 5.48, 6.86, 0.0, 33867820.0, 4822983.0, 14854232.0, 236292.0, 125.0, 5032.0
5.0, 4.0, 1.0, 2.68, 3.35, 0.0, 2372661.0, 305565.0, 1043527.0, 19220.0, 125.0, 458.0
6.0, 4.0, 1.0, 3.67, 4.59, 0.0, 34632825.0, 6198702.0, 15624014.0, 233878.0, 144.0, 5039.0
5.0, 4.0, 1.0, 5.95, 7.44, 0.0, 34382824.0, 4866879.0, 15083508.0, 202165.0, 125.0, 5046.0
4.0, 4.0, 1.0, 1.15, 1.44, 0.0, 97276.0, 17748.0, 43857.0, 684.0, 106.0, 36.0
5.0, 4.0, 1.0, 10.75, 13.44, 0.0, 32239602.0, 6159124.0, 14600605.0, 181706.0, 125.0, 5040.0
5.0, 4.0, 1.0, 3.87, 4.84, 0.0, 4601012.0, 646087.0, 2007407.0, 32912.0, 125.0, 751.0
4.0, 4.0, 1.0, 0.99, 1.23, 0.0, 88427.0, 17526.0, 40217.0, 1018.0, 106.0, 33.0
4.0, 4.0, 1.0, 5.73, 7.16, 0.0, 381965.0, 47886.0, 171521.0, 2424.0, 106.0, 74.0
4.0, 4.0, 1.0, 4.64, 5.8, 0.0, 26168421.0, 4184787.0, 11520344.0, 184776.0, 106.0, 3848.0
5.0, 4.0, 1.0, 11.93, 14.91, 0.0, 31794988.0, 5488443.0, 14647337.0, 195691.0, 125.0, 5031.0
4.0, 4.0, 1.0, 9.74, 12.18, 0.0, 34517485.0, 5276199.0, 15596477.0, 199744.0, 106.0, 5030.0
2.0, 4.0, 1.0, 2.02, 2.53, 0.0, 5013.0, 715.0, 2116.0, 52.0, 68.0, 19.0
3.0, 4.0, 1.0, 8.87, 11.09, 0.0, 578145.0, 93557.0, 244048.0, 4095.0, 87.0, 90.0
4.0, 4.0, 2.0, 0.9, 1.12, 28.0, 23765.0, 3861.0, 10786.0, 221.0, 113.0, 22.0
5.0, 4.0, 2.0, 4.14, 5.17, 8.0, 16897809.0, 2665635.0, 7567579.0, 137695.0, 133.0, 2736.0
4.0, 4.0, 2.0, 6.0, 7.5, 15.0, 1416296.0, 241405.0, 614103.0, 8069.0, 114.0, 214.0
6.0, 4.0, 2.0, 4.35, 5.44, 0.0, 32843561.0, 5162095.0, 14462982.0, 259703.0, 152.0, 5031.0
5.0, 4.0, 2.0, 5.1, 6.37, 16.0, 9190907.0, 1095229.0, 3892153.0, 54990.0, 133.0, 1375.0
6.0, 4.0, 2.0, 4.75, 5.94, 18.0, 35367715.0, 5308238.0, 15251536.0, 174126.0, 152.0, 5031.0
6.0, 4.0, 2.0, 4.52, 5.65, 18.0, 35342842.0, 3956813.0, 14657341.0, 196425.0, 152.0, 5032.0
6.0, 4.0, 2.0, 4.58, 5.73, 20.0, 3665153.0, 560274.0, 1574861.0, 20104.0, 152.0, 555.0
6.0, 4.0, 2.0, 5.47, 6.84, 37.0, 37934325.0, 4351549.0, 15965035.0, 141332.0, 152.0, 5031.0
6.0, 4.0, 2.0, 1.79, 2.24, 42.0, 34320783.0, 5487312.0, 15090565.0, 224252.0, 152.0, 5091.0
4.0, 4.0, 2.0, 5.15, 6.44, 16.0, 2332210.0, 268911.0, 953230.0, 9950.0, 114.0, 325.0
3.0, 4.0, 2.0, 1.48, 1.85, 17.0, 6056.0, 636.0, 2428.0, 35.0, 94.0, 18.0
5.0, 4.0, 2.0, 6.02, 7.52, 12.0, 36885781.0, 3635011.0, 15744015.0, 129621.0, 133.0, 5076.0
6.0, 4.0, 2.0, 6.54, 8.18, 14.0, 37023616.0, 4029002.0, 15334349.0, 246683.0, 152.0, 5032.0
4.0, 4.0, 2.0, 9.53, 11.91, 10.0, 1192968.0, 181248.0, 536967.0, 6875.0, 112.0, 188.0
3.0, 4.0, 2.0, 0.33, 0.41, 16.0, 2786.0, 373.0, 1084.0, 22.0, 91.0, 20.0
4.0, 4.0, 2.0, 7.05, 8.81, 11.0, 11096526.0, 1471929.0, 4925532.0, 52722.0, 112.0, 1558.0
5.0, 4.0, 2.0, 3.6, 4.5, 26.0, 10120892.0, 1248591.0, 4350467.0, 58351.0, 132.0, 1541.0
5.0, 4.0, 2.0, 7.32, 9.15, 22.0, 34090707.0, 4772424.0, 14672196.0, 175454.0, 133.0, 5031.0
4.0, 4.0, 2.0, 5.11, 6.39, 14.0, 1700066.0, 225873.0, 730311.0, 7758.0, 113.0, 256.0
0, 0, 0, 0, 0, 0, 0, 0, 0, 0, 0, 0
7.0, 6.0, 1.0, 5.07, 6.34, 0.0, 36371016.0, 6171061.0, 15875088.0, 205670.0, 203.0, 5108.0
5.0, 6.0, 1.0, 11.63, 14.54, 0.0, 34263877.0, 5455279.0, 15484954.0, 172470.0, 157.0, 5031.0
6.0, 6.0, 1.0, 9.22, 11.52, 0.0, 34264200.0, 5138563.0, 15328964.0, 207595.0, 180.0, 5032.0
7.0, 6.0, 1.0, 3.92, 4.9, 0.0, 36723477.0, 4455744.0, 15901057.0, 207082.0, 203.0, 5031.0
8.0, 6.0, 1.0, 5.28, 6.6, 0.0, 35184116.0, 5325344.0, 15515707.0, 285308.0, 226.0, 5064.0
5.0, 6.0, 1.0, 2.29, 2.87, 0.0, 37429307.0, 5094897.0, 15886198.0, 248314.0, 157.0, 5031.0
6.0, 6.0, 1.0, 6.52, 8.15, 0.0, 35697557.0, 7225506.0, 16092728.0, 237037.0, 180.0, 5032.0
6.0, 6.0, 1.0, 13.58, 16.97, 0.0, 37370310.0, 6122075.0, 16736888.0, 171885.0, 180.0, 5031.0
5.0, 6.0, 1.0, 1.09, 1.37, 0.0, 32285734.0, 4729726.0, 14118798.0, 258416.0, 157.0, 5035.0
7.0, 6.0, 1.0, 6.86, 8.58, 0.0, 35741400.0, 5262084.0, 15600059.0, 180104.0, 203.0, 5032.0
5.0, 6.0, 1.0, 0.2, 0.25, 0.0, 139304.0, 24358.0, 62401.0, 1637.0, 157.0, 43.0
7.0, 6.0, 1.0, 6.49, 8.12, 0.0, 35749628.0, 4960296.0, 15765936.0, 147541.0, 203.0, 5050.0
5.0, 6.0, 1.0, 13.09, 16.37, 0.0, 35275774.0, 5841314.0, 15901043.0, 169187.0, 157.0, 5077.0
6.0, 6.0, 1.0, 9.03, 11.29, 0.0, 34255160.0, 7118399.0, 15369997.0, 195897.0, 180.0, 5032.0
7.0, 6.0, 1.0, 5.25, 6.57, 0.0, 37411657.0, 4080467.0, 15974380.0, 160473.0, 203.0, 5032.0
6.0, 6.0, 1.0, 7.07, 8.84, 0.0, 32576517.0, 5477316.0, 14338136.0, 215637.0, 180.0, 5078.0
6.0, 6.0, 1.0, 9.04, 11.31, 0.0, 36969142.0, 5767883.0, 16202413.0, 164145.0, 180.0, 5032.0
5.0, 6.0, 1.0, 0.82, 1.02, 0.0, 37361609.0, 5609625.0, 16069421.0, 255783.0, 157.0, 5032.0
7.0, 6.0, 1.0, 12.14, 15.18, 0.0, 33313323.0, 5166986.0, 14890408.0, 171532.0, 203.0, 5032.0
8.0, 6.0, 2.0, 13.18, 16.48, 48.0, 36259606.0, 5863757.0, 15895620.0, 161137.0, 237.0, 5031.0
8.0, 6.0, 2.0, 0.92, 1.15, 22.0, 36796283.0, 5075209.0, 15325432.0, 191010.0, 237.0, 5031.0
0, 0, 0, 0, 0, 0, 0, 0, 0, 0, 0, 0
8.0, 6.0, 2.0, 11.06, 13.83, 8.0, 38084712.0, 5303902.0, 15926687.0, 179201.0, 232.0, 5032.0
6.0, 6.0, 2.0, 1.39, 1.73, 14.0, 38114473.0, 4971903.0, 16175981.0, 209624.0, 191.0, 5031.0
8.0, 6.0, 2.0, 4.75, 5.94, 36.0, 40793241.0, 4584665.0, 16932750.0, 168590.0, 237.0, 5031.0
7.0, 6.0, 2.0, 6.01, 7.52, 15.0, 38477632.0, 4236994.0, 16235516.0, 183114.0, 214.0, 5031.0
0, 0, 0, 0, 0, 0, 0, 0, 0, 0, 0, 0
6.0, 6.0, 2.0, 2.47, 3.09, 22.0, 39026079.0, 4130070.0, 16103484.0, 178695.0, 191.0, 5032.0
8.0, 6.0, 2.0, 8.72, 10.9, 26.0, 35765437.0, 6105411.0, 15615913.0, 179997.0, 237.0, 5032.0
5.0, 6.0, 2.0, 12.26, 15.33, 11.0, 37622737.0, 6186685.0, 16267587.0, 155794.0, 168.0, 5031.0
0, 0, 0, 0, 0, 0, 0, 0, 0, 0, 0, 0
7.0, 6.0, 2.0, 14.5, 18.13, 27.0, 38722914.0, 5831390.0, 16484801.0, 107880.0, 214.0, 5031.0
5.0, 6.0, 2.0, 3.61, 4.52, 19.0, 36927971.0, 4364017.0, 15232270.0, 189203.0, 168.0, 5032.0
5.0, 6.0, 2.0, 2.46, 3.08, 9.0, 37103437.0, 4798901.0, 15574183.0, 155386.0, 168.0, 5031.0
5.0, 6.0, 2.0, 4.54, 5.67, 13.0, 35111849.0, 4506883.0, 15208078.0, 160836.0, 168.0, 5032.0
5.0, 6.0, 2.0, 12.75, 15.94, 15.0, 33187109.0, 6159479.0, 14892559.0, 189357.0, 166.0, 5032.0
5.0, 6.0, 2.0, 11.58, 14.47, 4.0, 32956881.0, 4820974.0, 14701451.0, 171305.0, 166.0, 5049.0
7.0, 6.0, 2.0, 12.39, 15.49, 18.0, 36193221.0, 6106732.0, 15691498.0, 137163.0, 214.0, 5037.0
6.0, 6.0, 2.0, 7.07, 8.84, 17.0, 33654089.0, 5014856.0, 14592908.0, 161685.0, 191.0, 5033.0
0, 0, 0, 0, 0, 0, 0, 0, 0, 0, 0, 0
0, 0, 0, 0, 0, 0, 0, 0, 0, 0, 0, 0
10.0, 8.0, 1.0, 10.9, 13.63, 0.0, 42603723.0, 5425475.0, 17745571.0, 156778.0, 324.0, 5032.0
0, 0, 0, 0, 0, 0, 0, 0, 0, 0, 0, 0
6.0, 8.0, 1.0, 3.93, 4.92, 0.0, 40805582.0, 6437369.0, 17400661.0, 208840.0, 216.0, 5032.0
8.0, 8.0, 1.0, 3.15, 3.94, 0.0, 33583966.0, 4922233.0, 14615142.0, 298040.0, 270.0, 5030.0
8.0, 8.0, 1.0, 4.21, 5.27, 0.0, 36145526.0, 4690027.0, 15649091.0, 233233.0, 270.0, 5032.0
0, 0, 0, 0, 0, 0, 0, 0, 0, 0, 0, 0
6.0, 8.0, 1.0, 3.14, 3.93, 0.0, 38440993.0, 4897499.0, 16494242.0, 362149.0, 216.0, 5034.0
0, 0, 0, 0, 0, 0, 0, 0, 0, 0, 0, 0
7.0, 8.0, 1.0, 4.0, 5.0, 0.0, 45425633.0, 4343517.0, 18632803.0, 306598.0, 243.0, 5032.0
8.0, 8.0, 1.0, 12.34, 15.42, 0.0, 39584019.0, 5615621.0, 16457628.0, 202311.0, 270.0, 5037.0
8.0, 8.0, 1.0, 2.42, 3.02, 0.0, 39810533.0, 5219573.0, 16611514.0, 237422.0, 270.0, 5031.0
8.0, 8.0, 1.0, 4.3, 5.37, 0.0, 34196654.0, 6995604.0, 15399726.0, 227983.0, 270.0, 5030.0
9.0, 8.0, 1.0, 12.08, 15.1, 0.0, 45519540.0, 4064482.0, 17827270.0, 204018.0, 297.0, 5035.0
6.0, 8.0, 1.0, 0.6, 0.76, 0.0, 39701246.0, 6091136.0, 17651802.0, 403419.0, 216.0, 5031.0
7.0, 8.0, 1.0, 11.44, 14.3, 0.0, 32269917.0, 6806807.0, 15084093.0, 189903.0, 243.0, 5121.0
9.0, 8.0, 1.0, 8.62, 10.78, 0.0, 39739052.0, 5116088.0, 16592419.0, 181717.0, 297.0, 5077.0
5.0, 8.0, 1.0, 0.2, 0.25, 0.0, 38444164.0, 4884400.0, 16125757.0, 209793.0, 189.0, 5032.0
0, 0, 0, 0, 0, 0, 0, 0, 0, 0, 0, 0
0, 0, 0, 0, 0, 0, 0, 0, 0, 0, 0, 0
0, 0, 0, 0, 0, 0, 0, 0, 0, 0, 0, 0
0, 0, 0, 0, 0, 0, 0, 0, 0, 0, 0, 0
0, 0, 0, 0, 0, 0, 0, 0, 0, 0, 0, 0
0, 0, 0, 0, 0, 0, 0, 0, 0, 0, 0, 0
9.0, 8.0, 2.0, 7.68, 9.6, 24.0, 41332177.0, 5017467.0, 16857701.0, 143979.0, 311.0, 5122.0
0, 0, 0, 0, 0, 0, 0, 0, 0, 0, 0, 0
6.0, 8.0, 2.0, 8.39, 10.49, 8.0, 39292193.0, 4863696.0, 16172699.0, 160818.0, 230.0, 5031.0
11.0, 8.0, 2.0, 6.9, 8.63, 14.0, 40076573.0, 4833448.0, 16235611.0, 172906.0, 365.0, 5032.0
0, 0, 0, 0, 0, 0, 0, 0, 0, 0, 0, 0
0, 0, 0, 0, 0, 0, 0, 0, 0, 0, 0, 0
8.0, 8.0, 2.0, 5.52, 6.91, 15.0, 36170169.0, 5219122.0, 15191997.0, 175218.0, 284.0, 5035.0
0, 0, 0, 0, 0, 0, 0, 0, 0, 0, 0, 0
10.0, 8.0, 2.0, 15.89, 19.87, 32.0, 39761093.0, 4956761.0, 16182496.0, 146797.0, 338.0, 5032.0
6.0, 8.0, 2.0, 4.24, 5.3, 4.0, 35796490.0, 4846294.0, 15199166.0, 177676.0, 227.0, 5078.0
0, 0, 0, 0, 0, 0, 0, 0, 0, 0, 0, 0
0, 0, 0, 0, 0, 0, 0, 0, 0, 0, 0, 0
0, 0, 0, 0, 0, 0, 0, 0, 0, 0, 0, 0
6.0, 8.0, 2.0, 3.61, 4.51, 3.0, 44034413.0, 4626342.0, 18025672.0, 158171.0, 227.0, 5031.0
7.0, 8.0, 2.0, 3.95, 4.93, 7.0, 39104657.0, 4726782.0, 15719859.0, 178461.0, 257.0, 5031.0
12.0, 10.0, 1.0, 8.8, 11.0, 0.0, 40178869.0, 4358451.0, 16002739.0, 178072.0, 438.0, 5077.0
12.0, 10.0, 1.0, 10.19, 12.74, 0.0, 42226798.0, 4991396.0, 17405996.0, 156877.0, 438.0, 5093.0
0, 0, 0, 0, 0, 0, 0, 0, 0, 0, 0, 0
9.0, 10.0, 1.0, 6.82, 8.53, 0.0, 40250395.0, 6289342.0, 17409190.0, 167713.0, 345.0, 5031.0
11.0, 10.0, 1.0, 11.38, 14.22, 0.0, 36465704.0, 6393796.0, 15944033.0, 179280.0, 407.0, 5033.0
12.0, 10.0, 1.0, 11.6, 14.5, 0.0, 38202125.0, 4475587.0, 16125203.0, 175084.0, 438.0, 5046.0
14.0, 10.0, 1.0, 9.92, 12.4, 0.0, 42723460.0, 4994287.0, 17395531.0, 133553.0, 500.0, 5033.0
10.0, 10.0, 1.0, 11.44, 14.3, 0.0, 40410236.0, 6770673.0, 17469965.0, 138873.0, 376.0, 5032.0
0, 0, 0, 0, 0, 0, 0, 0, 0, 0, 0, 0
11.0, 10.0, 1.0, 9.56, 11.95, 0.0, 37522210.0, 5484369.0, 15897415.0, 213845.0, 407.0, 5032.0
0, 0, 0, 0, 0, 0, 0, 0, 0, 0, 0, 0
10.0, 10.0, 1.0, 10.63, 13.29, 0.0, 43443631.0, 4021118.0, 17457360.0, 104021.0, 376.0, 5033.0
13.0, 10.0, 1.0, 10.74, 13.42, 0.0, 36277612.0, 7256558.0, 16048335.0, 165162.0, 469.0, 5062.0
0, 0, 0, 0, 0, 0, 0, 0, 0, 0, 0, 0
12.0, 10.0, 1.0, 6.4, 8.0, 0.0, 39330499.0, 4800340.0, 16664415.0, 164119.0, 438.0, 5033.0
9.0, 10.0, 1.0, 5.85, 7.31, 0.0, 40002138.0, 6122512.0, 16849873.0, 194222.0, 345.0, 5062.0
0, 0, 0, 0, 0, 0, 0, 0, 0, 0, 0, 0
10.0, 10.0, 1.0, 5.95, 7.43, 0.0, 40643578.0, 7016235.0, 17123272.0, 175849.0, 376.0, 5031.0
7.0, 10.0, 1.0, 3.54, 4.43, 0.0, 42757720.0, 6048377.0, 17746510.0, 174046.0, 283.0, 5032.0
8.0, 10.0, 1.0, 4.95, 6.19, 0.0, 39076431.0, 5181660.0, 16375708.0, 179248.0, 314.0, 5032.0
10.0, 10.0, 2.0, 10.32, 12.9, 29.0, 42897221.0, 4079363.0, 16791564.0, 161887.0, 393.0, 5031.0
0, 0, 0, 0, 0, 0, 0, 0, 0, 0, 0, 0
0, 0, 0, 0, 0, 0, 0, 0, 0, 0, 0, 0
0, 0, 0, 0, 0, 0, 0, 0, 0, 0, 0, 0
13.0, 10.0, 2.0, 9.5, 11.88, 52.0, 37508428.0, 5284876.0, 16009041.0, 140781.0, 486.0, 5050.0
0, 0, 0, 0, 0, 0, 0, 0, 0, 0, 0, 0
0, 0, 0, 0, 0, 0, 0, 0, 0, 0, 0, 0
0, 0, 0, 0, 0, 0, 0, 0, 0, 0, 0, 0
15.0, 10.0, 2.0, 10.76, 13.45, 23.0, 37408273.0, 5091056.0, 15471598.0, 180974.0, 548.0, 5063.0
0, 0, 0, 0, 0, 0, 0, 0, 0, 0, 0, 0
8.0, 10.0, 2.0, 4.48, 5.6, 18.0, 44545546.0, 3968034.0, 17708976.0, 118799.0, 331.0, 5031.0
0, 0, 0, 0, 0, 0, 0, 0, 0, 0, 0, 0
0, 0, 0, 0, 0, 0, 0, 0, 0, 0, 0, 0
0, 0, 0, 0, 0, 0, 0, 0, 0, 0, 0, 0
9.0, 10.0, 2.0, 2.67, 3.34, 11.0, 43227331.0, 4018681.0, 17633067.0, 274454.0, 362.0, 5033.0
0, 0, 0, 0, 0, 0, 0, 0, 0, 0, 0, 0
9.0, 10.0, 2.0, 6.61, 8.26, 25.0, 39003050.0, 7327605.0, 16592636.0, 160212.0, 362.0, 5032.0
0, 0, 0, 0, 0, 0, 0, 0, 0, 0, 0, 0
0, 0, 0, 0, 0, 0, 0, 0, 0, 0, 0, 0
0, 0, 0, 0, 0, 0, 0, 0, 0, 0, 0, 0
15.0, 12.0, 1.0, 9.34, 11.67, 0.0, 35277416.0, 4365317.0, 15397439.0, 151685.0, 603.0, 5048.0
0, 0, 0, 0, 0, 0, 0, 0, 0, 0, 0, 0
0, 0, 0, 0, 0, 0, 0, 0, 0, 0, 0, 0
0, 0, 0, 0, 0, 0, 0, 0, 0, 0, 0, 0
0, 0, 0, 0, 0, 0, 0, 0, 0, 0, 0, 0
0, 0, 0, 0, 0, 0, 0, 0, 0, 0, 0, 0
13.0, 12.0, 1.0, 14.98, 18.73, 0.0, 51174567.0, 3722645.0, 19945318.0, 194746.0, 533.0, 5031.0
0, 0, 0, 0, 0, 0, 0, 0, 0, 0, 0, 0
15.0, 12.0, 1.0, 10.57, 13.21, 0.0, 42998380.0, 5313335.0, 17216900.0, 150596.0, 603.0, 5031.0
0, 0, 0, 0, 0, 0, 0, 0, 0, 0, 0, 0
0, 0, 0, 0, 0, 0, 0, 0, 0, 0, 0, 0
9.0, 12.0, 1.0, 7.87, 9.84, 0.0, 41189223.0, 6726648.0, 17341418.0, 154203.0, 393.0, 5032.0
0, 0, 0, 0, 0, 0, 0, 0, 0, 0, 0, 0
10.0, 12.0, 1.0, 7.68, 9.61, 0.0, 42511105.0, 5198098.0, 17345797.0, 127609.0, 428.0, 5032.0
0, 0, 0, 0, 0, 0, 0, 0, 0, 0, 0, 0
13.0, 12.0, 1.0, 19.1, 23.88, 0.0, 38327948.0, 4874050.0, 16263666.0, 166350.0, 533.0, 5032.0
0, 0, 0, 0, 0, 0, 0, 0, 0, 0, 0, 0
0, 0, 0, 0, 0, 0, 0, 0, 0, 0, 0, 0
0, 0, 0, 0, 0, 0, 0, 0, 0, 0, 0, 0
0, 0, 0, 0, 0, 0, 0, 0, 0, 0, 0, 0
15.0, 12.0, 2.0, 8.94, 11.17, 55.0, 47284968.0, 5508445.0, 18642883.0, 170833.0, 623.0, 5032.0
0, 0, 0, 0, 0, 0, 0, 0, 0, 0, 0, 0
0, 0, 0, 0, 0, 0, 0, 0, 0, 0, 0, 0
0, 0, 0, 0, 0, 0, 0, 0, 0, 0, 0, 0
12.0, 12.0, 2.0, 5.14, 6.42, 25.0, 42512779.0, 5217779.0, 17496968.0, 341414.0, 518.0, 5039.0
14.0, 12.0, 2.0, 9.79, 12.24, 25.0, 49400962.0, 5568838.0, 19893013.0, 250841.0, 588.0, 5031.0
0, 0, 0, 0, 0, 0, 0, 0, 0, 0, 0, 0
15.0, 12.0, 2.0, 7.0, 8.75, 38.0, 44832037.0, 5820137.0, 18149812.0, 106098.0, 623.0, 5033.0
0, 0, 0, 0, 0, 0, 0, 0, 0, 0, 0, 0
9.0, 12.0, 2.0, 5.66, 7.07, 20.0, 49769737.0, 5138884.0, 19518391.0, 147087.0, 413.0, 5032.0
0, 0, 0, 0, 0, 0, 0, 0, 0, 0, 0, 0
0, 0, 0, 0, 0, 0, 0, 0, 0, 0, 0, 0
0, 0, 0, 0, 0, 0, 0, 0, 0, 0, 0, 0
0, 0, 0, 0, 0, 0, 0, 0, 0, 0, 0, 0
0, 0, 0, 0, 0, 0, 0, 0, 0, 0, 0, 0
9.0, 12.0, 2.0, 3.95, 4.94, 19.0, 41649290.0, 4377010.0, 17005991.0, 152403.0, 413.0, 5032.0
0, 0, 0, 0, 0, 0, 0, 0, 0, 0, 0, 0
10.0, 12.0, 2.0, 8.29, 10.37, 17.0, 41730665.0, 3966860.0, 16747044.0, 133364.0, 448.0, 5031.0
0, 0, 0, 0, 0, 0, 0, 0, 0, 0, 0, 0
0, 0, 0, 0, 0, 0, 0, 0, 0, 0, 0, 0
0, 0, 0, 0, 0, 0, 0, 0, 0, 0, 0, 0
0, 0, 0, 0, 0, 0, 0, 0, 0, 0, 0, 0
0, 0, 0, 0, 0, 0, 0, 0, 0, 0, 0, 0
0, 0, 0, 0, 0, 0, 0, 0, 0, 0, 0, 0
0, 0, 0, 0, 0, 0, 0, 0, 0, 0, 0, 0
0, 0, 0, 0, 0, 0, 0, 0, 0, 0, 0, 0
0, 0, 0, 0, 0, 0, 0, 0, 0, 0, 0, 0
0, 0, 0, 0, 0, 0, 0, 0, 0, 0, 0, 0
0, 0, 0, 0, 0, 0, 0, 0, 0, 0, 0, 0
17.0, 14.0, 1.0, 5.85, 7.31, 0.0, 40662537.0, 4794990.0, 16750288.0, 197262.0, 753.0, 5033.0
0, 0, 0, 0, 0, 0, 0, 0, 0, 0, 0, 0
0, 0, 0, 0, 0, 0, 0, 0, 0, 0, 0, 0
0, 0, 0, 0, 0, 0, 0, 0, 0, 0, 0, 0
14.0, 14.0, 1.0, 3.5, 4.38, 0.0, 47939963.0, 6715375.0, 20084921.0, 294874.0, 636.0, 5031.0
13.0, 14.0, 1.0, 4.07, 5.09, 0.0, 47666975.0, 5703646.0, 19324715.0, 261063.0, 597.0, 5032.0
0, 0, 0, 0, 0, 0, 0, 0, 0, 0, 0, 0
0, 0, 0, 0, 0, 0, 0, 0, 0, 0, 0, 0
0, 0, 0, 0, 0, 0, 0, 0, 0, 0, 0, 0
0, 0, 0, 0, 0, 0, 0, 0, 0, 0, 0, 0
0, 0, 0, 0, 0, 0, 0, 0, 0, 0, 0, 0
0, 0, 0, 0, 0, 0, 0, 0, 0, 0, 0, 0
0, 0, 0, 0, 0, 0, 0, 0, 0, 0, 0, 0
16.0, 14.0, 2.0, 8.95, 11.19, 32.0, 48527625.0, 5388867.0, 19102528.0, 98011.0, 737.0, 5047.0
0, 0, 0, 0, 0, 0, 0, 0, 0, 0, 0, 0
0, 0, 0, 0, 0, 0, 0, 0, 0, 0, 0, 0
0, 0, 0, 0, 0, 0, 0, 0, 0, 0, 0, 0
15.0, 14.0, 2.0, 14.01, 17.51, 33.0, 43285600.0, 5331143.0, 17584153.0, 113855.0, 698.0, 5031.0
0, 0, 0, 0, 0, 0, 0, 0, 0, 0, 0, 0
0, 0, 0, 0, 0, 0, 0, 0, 0, 0, 0, 0
0, 0, 0, 0, 0, 0, 0, 0, 0, 0, 0, 0
9.0, 14.0, 2.0, 4.63, 5.79, 9.0, 48269467.0, 4197862.0, 18809377.0, 129365.0, 464.0, 5031.0
12.0, 14.0, 2.0, 3.47, 4.33, 39.0, 51429463.0, 3438898.0, 19612341.0, 106355.0, 581.0, 5031.0
16.0, 14.0, 2.0, 8.25, 10.31, 27.0, 41748423.0, 4822749.0, 16801081.0, 159895.0, 737.0, 5032.0
0, 0, 0, 0, 0, 0, 0, 0, 0, 0, 0, 0
0, 0, 0, 0, 0, 0, 0, 0, 0, 0, 0, 0
12.0, 14.0, 2.0, 13.25, 16.56, 19.0, 43669239.0, 2298906.0, 16925549.0, 157736.0, 581.0, 5032.0
0, 0, 0, 0, 0, 0, 0, 0, 0, 0, 0, 0
12.0, 14.0, 2.0, 6.34, 7.93, 44.0, 51450502.0, 4626721.0, 19839736.0, 133017.0, 581.0, 5031.0
0, 0, 0, 0, 0, 0, 0, 0, 0, 0, 0, 0
13.0, 14.0, 2.0, 7.89, 9.86, 16.0, 45935166.0, 3527726.0, 17988345.0, 166979.0, 620.0, 5031.0
